,Unnamed: 0,Season,TeamName,Off_1,RankOff_1,Off_2,RankOff_2,Off_3,RankOff_3,Def_1,RankDef_1,Def_2,RankDef_2,Def_3,RankDef_3
2854,,2016,North Dakota,20.9292,151.0,53.2251,85.0,25.8457,261.0,19.1284,250.0,49.0826,218.0,31.789,76.0
2855,,2016,UAB,18.1928,287.0,52.5301,97.0,29.2771,172.0,17.5439,298.0,52.4561,87.0,30.0,147.0
2856,,2016,Delaware,24.1692,23.0,50.4532,171.0,25.3776,273.0,17.8855,288.0,42.9956,342.0,39.1189,2.0
2857,,2016,Valparaiso,20.0382,203.0,47.0363,272.0,32.9254,83.0,22.3115,76.0,48.9067,223.0,28.7818,201.0
2858,,2016,Jacksonville,17.3747,322.0,48.6874,236.0,33.9379,60.0,17.2461,307.0,48.3074,252.0,34.4465,23.0
2859,,2016,Loyola Chicago,19.7975,213.0,51.038,148.0,29.1646,177.0,21.0241,147.0,51.2063,130.0,27.7696,238.0
2860,,2016,Colorado,23.4583,37.0,47.1584,269.0,29.3833,169.0,20.762,164.0,53.4247,62.0,25.8134,302.0
2861,,2016,Dartmouth,22.4479,69.0,53.3405,81.0,24.2117,299.0,21.2106,137.0,46.9736,289.0,31.8158,74.0
2862,,2016,Canisius,21.8131,105.0,44.3389,324.0,33.848,63.0,20.4871,180.0,47.8547,266.0,31.6583,83.0
2863,,2016,North Carolina Central,21.1548,138.0,51.7118,125.0,27.1334,229.0,20.9496,154.0,48.6539,236.0,30.3965,131.0
2864,,2016,Miami FL,21.9521,94.0,50.5887,163.0,27.4592,225.0,17.7618,291.0,55.532,25.0,26.7062,280.0
2865,,2016,Albany,24.303,19.0,52.6009,93.0,23.0961,321.0,15.955,336.0,52.3698,90.0,31.6753,82.0
2866,,2016,UTSA,21.7895,107.0,49.1423,218.0,29.0682,180.0,20.8873,157.0,48.3706,249.0,30.742,121.0
2867,,2016,New Mexico,23.7664,28.0,52.0559,115.0,24.1776,301.0,20.7411,167.0,47.7002,272.0,31.5588,85.0
2868,,2016,Jacksonville St.,19.6568,220.0,44.6178,319.0,35.7254,37.0,22.1747,86.0,53.7512,58.0,24.0741,330.0
2869,,2016,Towson,24.4271,17.0,52.3373,104.0,23.2356,317.0,24.1218,27.0,47.4941,277.0,28.3841,217.0
2870,,2016,Toledo,19.5725,224.0,48.8684,225.0,31.5591,113.0,16.9293,318.0,47.8163,268.0,35.2544,13.0
2871,,2016,Nebraska Omaha,23.5063,34.0,55.0314,42.0,21.4623,337.0,21.4859,126.0,51.1647,134.0,27.3494,257.0
2872,,2016,Mississippi,23.3264,40.0,45.2391,310.0,31.4345,117.0,21.6392,116.0,45.967,312.0,32.3938,59.0
2873,,2016,Detroit,21.3417,131.0,51.2369,145.0,27.4214,226.0,23.8076,36.0,48.4375,243.0,27.7549,240.0
2874,,2016,Arizona St.,21.2793,134.0,46.226,292.0,32.4947,93.0,20.4056,184.0,51.2041,131.0,28.3904,216.0
2875,,2016,Kent St.,21.7102,116.0,54.4971,53.0,23.7926,309.0,20.1859,194.0,50.4648,161.0,29.3493,180.0
2876,,2016,Northern Colorado,23.6767,30.0,50.0945,185.0,26.2287,250.0,24.3415,21.0,44.1801,330.0,31.4783,90.0
2877,,2016,Portland,18.6164,272.0,46.7925,277.0,34.5912,54.0,21.6107,117.0,47.4302,279.0,30.9591,110.0
2878,,2016,Dayton,20.8943,155.0,51.3999,135.0,27.7058,222.0,18.9338,260.0,47.7022,271.0,33.364,37.0
2879,,2016,Rice,23.2907,41.0,48.2576,247.0,28.4517,198.0,18.6939,271.0,49.4694,205.0,31.8367,72.0
2880,,2016,DePaul,20.0765,199.0,55.8317,29.0,24.0918,304.0,24.3871,19.0,43.871,334.0,31.7419,78.0
2881,,2016,Air Force,21.7499,112.0,50.2224,177.0,28.0277,209.0,20.3351,187.0,42.029,348.0,37.6359,3.0
2882,,2016,UNC Asheville,22.7907,57.0,54.63,51.0,22.5793,330.0,19.0476,256.0,54.8068,40.0,26.1456,299.0
2883,,2016,St. Francis PA,21.724,115.0,47.3343,265.0,30.9417,127.0,17.4964,300.0,54.9075,37.0,27.596,246.0
2884,,2016,Eastern Illinois,18.5148,275.0,49.1353,219.0,32.3499,98.0,21.704,112.0,50.4522,162.0,27.8439,235.0
2885,,2016,UMKC,19.7933,214.0,49.199,216.0,31.0078,126.0,24.1093,28.0,46.4617,298.0,29.429,176.0
2886,,2016,Fairleigh Dickinson,18.4716,278.0,52.9628,90.0,28.5656,194.0,23.834,35.0,48.0632,258.0,28.1028,228.0
2887,,2016,Hartford,20.1588,194.0,39.6118,348.0,40.2294,6.0,20.1023,197.0,53.1078,68.0,26.7899,277.0
2888,,2016,Providence,21.9635,91.0,49.0493,222.0,28.9872,183.0,16.945,317.0,56.0489,22.0,27.0061,268.0
2889,,2016,Stanford,24.5885,11.0,50.8728,156.0,24.5387,286.0,20.2123,193.0,47.0815,288.0,32.7062,53.0
2890,,2016,Hawaii,23.1742,43.0,49.0412,223.0,27.7846,219.0,24.1898,26.0,50.1644,175.0,25.6458,308.0
2891,,2016,Penn St.,20.5031,178.0,49.4542,206.0,30.0427,145.0,23.5637,40.0,46.14,310.0,30.2962,136.0
2892,,2016,Louisiana Lafayette,23.1541,44.0,51.9262,119.0,24.9197,278.0,19.9062,211.0,52.6002,83.0,27.4936,251.0
2893,,2016,Nebraska,19.1368,248.0,53.9902,66.0,26.873,234.0,22.1748,85.0,48.7846,234.0,29.0405,186.0
2894,,2016,North Carolina St.,21.8775,101.0,53.1023,87.0,25.0201,276.0,16.8974,321.0,49.5114,200.0,33.5912,32.0
2895,,2016,Washington,23.6944,29.0,50.1227,184.0,26.183,252.0,24.1994,24.0,52.7656,81.0,23.0349,338.0
2896,,2016,Western Illinois,18.7007,267.0,51.9733,118.0,29.326,170.0,23.2993,47.0,49.3197,207.0,27.381,255.0
2897,,2016,Jackson St.,17.3228,323.0,53.2808,83.0,29.3963,167.0,27.039,6.0,46.0993,311.0,26.8617,273.0
2898,,2016,IPFW,18.2329,285.0,42.008,341.0,39.759,8.0,16.2905,331.0,52.1953,100.0,31.5142,87.0
2899,,2016,Eastern Kentucky,20.9098,153.0,47.9132,251.0,31.177,123.0,21.7519,111.0,47.9464,262.0,30.3018,134.0
2900,,2016,Arizona,22.7422,59.0,53.0165,89.0,24.2413,298.0,18.4458,277.0,55.4227,26.0,26.1315,300.0
2901,,2016,TCU,25.0792,4.0,49.5247,201.0,25.3961,272.0,22.128,90.0,49.2582,210.0,28.6138,208.0
2902,,2016,Texas Tech,23.8612,26.0,52.0607,114.0,24.0781,305.0,18.9624,259.0,48.0322,259.0,33.0054,44.0
2903,,2016,UC Irvine,18.9655,255.0,54.232,61.0,26.8025,238.0,22.1524,89.0,45.8124,314.0,32.0352,66.0
2904,,2016,California,20.7859,163.0,51.3949,136.0,27.8193,218.0,23.0668,53.0,52.9489,76.0,23.9843,331.0
2905,,2016,IUPUI,19.4272,230.0,55.0835,40.0,25.4893,267.0,21.1842,139.0,55.0,32.0,23.8158,334.0
2906,,2016,Iowa St.,13.8015,351.0,55.4857,37.0,30.7128,131.0,14.6667,350.0,54.7048,42.0,30.6286,126.0
2907,,2016,UNC Wilmington,19.6539,221.0,53.152,86.0,27.1941,227.0,29.1444,1.0,49.1979,212.0,21.6578,349.0
2908,,2016,Ohio,20.6559,169.0,47.1165,271.0,32.2277,103.0,19.898,212.0,50.5495,158.0,29.5526,174.0
2909,,2016,USC Upstate,16.5402,333.0,54.0212,65.0,29.4385,164.0,19.0625,254.0,48.9286,222.0,32.0089,68.0
2910,,2016,Davidson,19.1683,245.0,44.3564,323.0,36.4752,28.0,17.1987,308.0,54.4294,47.0,28.3719,219.0
2911,,2016,San Diego St.,23.5677,32.0,50.4673,169.0,25.9651,257.0,21.1512,143.0,50.0685,180.0,28.7803,202.0
2912,,2016,UCF,20.6111,172.0,49.2726,214.0,30.1164,143.0,15.4634,339.0,54.2152,51.0,30.3214,133.0
2913,,2016,Illinois,18.4747,277.0,47.6346,261.0,33.8907,61.0,15.1062,342.0,49.7246,192.0,35.1692,16.0
2914,,2016,San Jose St.,21.0975,141.0,48.6947,235.0,30.2078,142.0,24.7954,14.0,48.339,250.0,26.8657,272.0
2915,,2016,Kennesaw St.,19.3517,235.0,56.12,27.0,24.5283,287.0,20.097,198.0,53.063,70.0,26.84,274.0
2916,,2016,Florida,20.8816,158.0,50.2055,179.0,28.913,188.0,20.5728,175.0,51.2303,129.0,28.1969,226.0
2917,,2016,Pacific,20.8871,156.0,50.3088,175.0,28.804,191.0,25.7364,10.0,44.3411,329.0,29.9225,154.0
2918,,2016,Kentucky,19.6085,222.0,54.806,47.0,25.5855,265.0,24.3166,22.0,51.0812,140.0,24.6022,324.0
2919,,2016,Central Michigan,17.5525,314.0,43.0549,334.0,39.3926,9.0,19.5045,226.0,52.2523,96.0,28.2432,224.0
2920,,2016,Texas,21.0191,146.0,49.4268,207.0,29.5541,160.0,21.9263,100.0,50.2441,169.0,27.8296,236.0
2921,,2016,Old Dominion,18.0876,293.0,63.5945,1.0,18.318,350.0,21.9752,97.0,48.3968,247.0,29.628,167.0
2922,,2016,Georgia St.,21.1422,140.0,55.7935,31.0,23.0643,322.0,23.9935,32.0,44.1785,331.0,31.8281,73.0
2923,,2016,Cal St. Fullerton,24.6265,9.0,47.3982,264.0,27.9753,211.0,22.3218,75.0,45.6819,317.0,31.9962,69.0
2924,,2016,Cornell,17.7975,306.0,46.9729,274.0,35.2296,40.0,20.5033,177.0,49.301,208.0,30.1957,140.0
2925,,2016,Tulsa,21.0102,147.0,51.1036,147.0,27.8862,216.0,21.1944,138.0,46.3404,301.0,32.4652,57.0
2926,,2016,Eastern Washington,17.9204,301.0,43.0878,333.0,38.9917,12.0,19.5661,224.0,57.7742,6.0,22.6597,343.0
2927,,2016,High Point,20.4326,184.0,55.6834,32.0,23.884,308.0,17.7724,290.0,51.138,136.0,31.0896,105.0
2928,,2016,Wisconsin,21.5761,120.0,49.4732,203.0,28.9507,185.0,19.8655,214.0,53.0942,69.0,27.0404,266.0
2929,,2016,Saint Mary's,14.5833,349.0,50.5609,167.0,34.8558,48.0,15.0771,344.0,56.4547,16.0,28.4682,213.0
2930,,2016,Austin Peay,23.4971,35.0,51.8664,121.0,24.6365,285.0,17.0888,316.0,49.6786,195.0,33.2325,38.0
2931,,2016,Charleston Southern,14.3784,350.0,46.3784,287.0,39.2432,10.0,20.0482,201.0,47.1325,286.0,32.8193,49.0
2932,,2016,Drake,19.489,228.0,49.0982,220.0,31.4128,118.0,17.1258,313.0,53.8108,56.0,29.0634,184.0
2933,,2016,Norfolk St.,24.9467,5.0,45.3731,307.0,29.6802,153.0,23.197,51.0,43.779,336.0,33.024,42.0
2934,,2016,Nicholls St.,21.9619,92.0,49.4876,202.0,28.5505,196.0,21.6722,114.0,51.7471,111.0,26.5807,283.0
2935,,2016,Arkansas Pine Bluff,16.9791,329.0,50.5624,166.0,32.4585,95.0,27.907,3.0,48.8372,227.0,23.2558,337.0
2936,,2016,Mercer,19.4004,231.0,53.8801,71.0,26.7196,240.0,19.4419,231.0,40.5941,351.0,39.964,1.0
2937,,2016,Utah Valley,20.5103,177.0,44.8224,317.0,34.6673,52.0,20.8237,161.0,56.5479,14.0,22.6284,344.0
2938,,2016,LIU Brooklyn,23.5817,31.0,53.6833,77.0,22.735,328.0,20.746,166.0,51.9698,105.0,27.2842,260.0
2939,,2016,Binghamton,21.7843,108.0,50.1368,183.0,28.0788,207.0,19.3783,235.0,50.8985,147.0,29.7232,164.0
2940,,2016,West Virginia,23.7905,27.0,53.4012,79.0,22.8083,327.0,28.9936,2.0,44.5396,328.0,26.4668,288.0
2941,,2016,American,18.3754,280.0,48.8515,227.0,32.7731,85.0,20.5796,174.0,57.7603,7.0,21.6601,348.0
2942,,2016,North Carolina A&T,22.3823,74.0,49.6638,195.0,27.9539,212.0,24.1984,25.0,44.6345,326.0,31.1672,103.0
2943,,2016,Montana St.,17.2444,324.0,44.8442,316.0,37.9114,18.0,22.6569,66.0,49.0972,217.0,28.2459,223.0
2944,,2016,Vanderbilt,20.7103,167.0,46.6081,285.0,32.6816,88.0,21.3034,134.0,54.0225,53.0,24.6742,323.0
2945,,2016,USC,18.5239,274.0,52.3201,106.0,29.156,178.0,17.3827,304.0,53.2913,64.0,29.326,181.0
2946,,2016,Missouri,22.9069,51.0,52.3989,100.0,24.6943,283.0,22.458,70.0,46.2423,308.0,31.2997,96.0
2947,,2016,BYU,18.7917,261.0,48.8652,226.0,32.3431,99.0,19.1578,247.0,48.8619,225.0,31.9803,70.0
2948,,2016,Northern Kentucky,17.3779,321.0,49.4602,205.0,33.162,80.0,23.8905,34.0,49.1974,213.0,26.9122,271.0
2949,,2016,Western Kentucky,20.9877,149.0,52.3457,103.0,26.6667,244.0,15.8821,337.0,52.3127,91.0,31.8052,75.0
2950,,2016,Buffalo,22.9615,50.0,47.8462,253.0,29.1923,174.0,21.3926,131.0,49.5938,198.0,29.0135,187.0
2951,,2016,Virginia,18.0503,295.0,56.3595,26.0,25.5903,264.0,19.4869,228.0,48.7849,233.0,31.7282,80.0
2952,,2016,Lafayette,17.7871,307.0,47.8992,252.0,34.3137,58.0,19.3615,236.0,50.9121,146.0,29.7264,163.0
2953,,2016,Southeastern Louisiana,18.8279,260.0,50.5768,164.0,30.5953,132.0,20.9766,149.0,46.7941,293.0,32.2293,65.0
2954,,2016,Chattanooga,22.8212,55.0,47.7503,254.0,29.4285,165.0,17.0971,315.0,52.9831,74.0,29.9199,155.0
2955,,2016,Elon,16.3466,335.0,46.5386,286.0,37.1148,23.0,18.2097,282.0,55.1996,28.0,26.5906,282.0
2956,,2016,Gonzaga,19.0995,250.0,51.2709,140.0,29.6296,156.0,18.0952,285.0,54.632,43.0,27.2727,261.0
2957,,2016,La Salle,17.7859,308.0,43.022,335.0,39.192,11.0,19.3896,234.0,49.6409,197.0,30.9695,109.0
2958,,2016,Kansas,19.791,215.0,50.9777,151.0,29.2313,173.0,23.0184,57.0,49.96,182.0,27.0216,267.0
2959,,2016,Washington St.,17.9839,296.0,56.602,21.0,25.4141,270.0,21.6089,118.0,52.2037,99.0,26.1874,297.0
2960,,2016,Colorado St.,23.3571,39.0,40.5384,347.0,36.1045,32.0,19.5922,223.0,48.3806,248.0,32.0272,67.0
2961,,2016,SIU Edwardsville,22.4579,67.0,51.7673,123.0,25.7749,262.0,23.0658,54.0,51.5474,117.0,25.3868,315.0
2962,,2016,Campbell,23.0889,46.0,47.7379,256.0,29.1732,176.0,20.0294,204.0,52.7914,79.0,27.1792,264.0
2963,,2016,UMass Lowell,17.3831,320.0,49.8819,189.0,32.735,86.0,20.043,203.0,51.1828,132.0,28.7742,203.0
2964,,2016,Florida St.,20.2112,190.0,54.902,44.0,24.8869,280.0,19.9126,210.0,48.4897,241.0,31.5978,84.0
2965,,2016,Youngstown St.,17.8052,305.0,49.5372,200.0,32.6576,89.0,17.3608,305.0,53.7953,57.0,28.8439,197.0
2966,,2016,Southern,20.9456,150.0,54.5294,52.0,24.525,288.0,21.7746,109.0,49.7057,193.0,28.5197,211.0
2967,,2016,Abilene Christian,22.0042,89.0,48.5684,239.0,29.4274,166.0,23.2152,48.0,54.7839,41.0,22.001,347.0
2968,,2016,Longwood,19.2182,241.0,52.3034,107.0,28.4784,197.0,19.7261,218.0,43.3034,339.0,36.9705,4.0
2969,,2016,George Mason,20.3738,185.0,55.514,36.0,24.1121,302.0,18.0718,286.0,50.6701,153.0,31.2581,98.0
2970,,2016,South Florida,19.3765,232.0,61.4868,3.0,19.1367,347.0,20.5357,176.0,49.4898,203.0,29.9745,151.0
2971,,2016,Portland St.,17.8847,303.0,61.8248,2.0,20.2905,343.0,17.6886,294.0,54.5214,45.0,27.79,237.0
2972,,2016,Boston University,20.2336,189.0,47.2257,267.0,32.5407,92.0,18.8304,264.0,51.1821,133.0,29.9876,149.0
2973,,2016,Marist,21.0256,145.0,44.289,325.0,34.6853,51.0,19.322,239.0,50.4237,164.0,30.2542,138.0
2974,,2016,Mississippi St.,17.133,326.0,53.8097,73.0,29.0573,182.0,20.3901,185.0,51.1525,135.0,28.4574,214.0
2975,,2016,Liberty,14.8634,348.0,43.1694,331.0,41.9672,5.0,22.332,73.0,48.6166,238.0,29.0514,185.0
2976,,2016,Belmont,17.6701,310.0,43.6278,328.0,38.7021,15.0,20.8469,160.0,50.3257,168.0,28.8274,198.0
2977,,2016,UTEP,20.5858,174.0,52.5631,95.0,26.8511,235.0,20.0661,199.0,47.2337,284.0,32.7002,54.0
2978,,2016,Michigan,15.8546,340.0,45.1663,311.0,38.9791,13.0,16.0369,334.0,52.9807,75.0,30.9824,108.0
2979,,2016,Arkansas,20.7517,166.0,53.3387,82.0,25.9096,259.0,23.1381,52.0,47.8661,265.0,28.9958,188.0
2980,,2016,Georgia Tech,18.6717,269.0,57.0778,17.0,24.2505,297.0,18.7426,268.0,56.9745,12.0,24.2829,328.0
2981,,2016,Stetson,19.2127,242.0,49.7219,193.0,31.0655,124.0,16.1265,333.0,57.0751,11.0,26.7984,276.0
2982,,2016,Northern Arizona,21.88,100.0,46.0967,297.0,32.0234,106.0,18.1347,284.0,48.9637,220.0,32.9016,48.0
2983,,2016,Incarnate Word,21.5048,125.0,43.4587,329.0,35.0365,45.0,19.4504,229.0,52.5862,84.0,27.9634,233.0
2984,,2016,New Orleans,24.8231,6.0,54.095,63.0,21.0819,338.0,22.7931,65.0,47.6413,273.0,29.5656,172.0
2985,,2016,Arkansas St.,24.2728,21.0,51.4068,134.0,24.3205,292.0,21.559,123.0,45.7016,316.0,32.7394,52.0
2986,,2016,Siena,22.0384,88.0,53.7044,76.0,24.2572,296.0,22.6324,67.0,50.1605,176.0,27.2071,263.0
2987,,2016,UMBC,22.3234,78.0,49.5882,196.0,28.0884,206.0,20.0465,202.0,50.4071,165.0,29.5463,175.0
2988,,2016,Vermont,20.0743,200.0,52.9368,92.0,26.9888,231.0,20.6682,169.0,49.4949,202.0,29.8368,158.0
2989,,2016,Stony Brook,17.1478,325.0,57.3891,11.0,25.4632,268.0,17.1975,309.0,52.2293,98.0,30.5732,129.0
2990,,2016,Ohio St.,19.9431,209.0,53.3712,80.0,26.6856,243.0,18.7316,269.0,48.887,224.0,32.3814,60.0
2991,,2016,Sacred Heart,21.5607,121.0,55.5706,35.0,22.8687,325.0,21.0616,145.0,50.4281,163.0,28.5103,212.0
2992,,2016,Pittsburgh,21.0702,143.0,54.097,62.0,24.8328,281.0,17.6849,295.0,52.2738,95.0,30.0413,146.0
2993,,2016,Denver,20.188,191.0,44.9283,313.0,34.8837,47.0,24.0613,29.0,47.332,282.0,28.6067,209.0
2994,,2016,Cal St. Bakersfield,20.1489,196.0,57.2359,14.0,22.6152,329.0,23.8915,33.0,48.096,257.0,28.0125,231.0
2995,,2016,Harvard,15.2488,346.0,51.3644,139.0,33.3868,70.0,20.487,181.0,51.8793,106.0,27.6337,243.0
2996,,2016,Loyola Marymount,17.8134,304.0,51.3666,138.0,30.82,130.0,22.4191,72.0,45.0155,322.0,32.5654,55.0
2997,,2016,VMI,16.9239,330.0,44.8732,314.0,38.2029,16.0,21.9817,95.0,47.4266,280.0,30.5916,127.0
2998,,2016,Maine,17.5954,313.0,52.3914,101.0,30.0132,148.0,19.9156,209.0,54.8734,38.0,25.2111,318.0
2999,,2016,New Hampshire,22.3148,79.0,48.7963,232.0,28.8889,190.0,19.3504,237.0,49.4968,201.0,31.1528,104.0
3000,,2016,Middle Tennessee,17.0025,328.0,49.3703,208.0,33.6272,68.0,22.1929,84.0,49.6697,196.0,28.1374,227.0
3001,,2016,Houston,18.8611,257.0,55.0889,39.0,26.0501,254.0,21.1643,142.0,52.4368,88.0,26.3989,292.0
3002,,2016,Missouri St.,22.447,70.0,53.8536,72.0,23.6994,312.0,18.8962,262.0,50.2428,170.0,30.8609,115.0
3003,,2016,South Carolina St.,19.9038,211.0,55.818,30.0,24.2782,294.0,21.6055,119.0,48.4202,246.0,29.9744,152.0
3004,,2016,Sam Houston St.,20.4524,182.0,47.2761,266.0,32.2715,102.0,23.5021,41.0,45.7037,315.0,30.7942,118.0
3005,,2016,Rhode Island,19.955,208.0,51.2613,143.0,28.7838,192.0,23.2143,49.0,52.8958,77.0,23.89,333.0
3006,,2016,Green Bay,21.7716,110.0,52.2946,108.0,25.9338,258.0,19.9345,208.0,51.3641,120.0,28.7013,206.0
3007,,2016,Illinois St.,17.9191,302.0,48.8439,228.0,33.237,77.0,21.2579,136.0,50.2194,171.0,28.5227,210.0
3008,,2016,Bucknell,23.1525,45.0,48.5263,241.0,28.3212,202.0,21.868,104.0,48.2263,254.0,29.9057,157.0
3009,,2016,NJIT,19.3307,237.0,46.063,299.0,34.6063,53.0,18.7178,270.0,46.1417,309.0,35.1405,17.0
3010,,2016,St. John's,20.9257,152.0,50.7232,159.0,28.351,199.0,23.203,50.0,48.4237,245.0,28.3733,218.0
3011,,2016,Delaware St.,16.5464,332.0,48.6396,238.0,34.814,50.0,21.3771,133.0,46.3546,300.0,32.2682,62.0
3012,,2016,Sacramento St.,19.1552,246.0,52.554,96.0,28.2908,203.0,20.2158,192.0,50.9381,145.0,28.8462,196.0
3013,,2016,Miami OH,22.635,62.0,51.5106,132.0,25.8544,260.0,21.98,96.0,43.4151,338.0,34.6049,19.0
3014,,2016,Purdue,19.7359,217.0,50.7704,157.0,29.4938,162.0,18.1499,283.0,53.0469,71.0,28.8032,200.0
3015,,2016,Auburn,21.5328,123.0,41.2409,345.0,37.2263,22.0,21.6853,113.0,49.5663,199.0,28.7485,204.0
3016,,2016,Florida Atlantic,20.0,204.0,47.7262,257.0,32.2738,101.0,21.0048,148.0,57.9472,3.0,21.0481,351.0
3017,,2016,Iowa,18.7427,265.0,49.7462,192.0,31.5111,114.0,15.0853,343.0,53.1701,66.0,31.7446,77.0
3018,,2016,New Mexico St.,19.8849,212.0,58.1931,8.0,21.9221,334.0,17.4877,301.0,53.399,63.0,29.1133,182.0
3019,,2016,Eastern Michigan,24.5343,12.0,52.1581,111.0,23.3076,316.0,23.0254,56.0,43.909,333.0,33.0656,40.0
3020,,2016,Wright St.,18.1457,289.0,48.7417,234.0,33.1126,81.0,26.1245,8.0,47.433,278.0,26.4425,290.0
3021,,2016,The Citadel,18.9133,256.0,41.1448,346.0,39.9419,7.0,21.2719,135.0,55.9211,24.0,22.807,342.0
3022,,2016,Morehead St.,20.3323,186.0,55.9335,28.0,23.7342,311.0,27.6683,4.0,44.9918,323.0,27.3399,258.0
3023,,2016,Penn,17.9543,298.0,51.0337,149.0,31.012,125.0,18.49,276.0,54.5455,44.0,26.9646,269.0
3024,,2016,Hampton,22.4499,68.0,51.2642,141.0,26.286,249.0,21.0595,146.0,51.8454,108.0,27.0951,265.0
3025,,2016,San Diego,20.0457,202.0,47.7441,255.0,32.2102,105.0,23.0426,55.0,51.5362,118.0,25.4212,314.0
3026,,2016,Connecticut,18.5481,273.0,52.3755,102.0,29.0764,179.0,20.7877,163.0,47.7024,270.0,31.5098,88.0
3027,,2016,Oregon,21.6058,119.0,51.8263,122.0,26.5679,245.0,18.6374,273.0,50.5873,156.0,30.7753,119.0
3028,,2016,Pepperdine,22.1435,83.0,57.1302,16.0,20.7263,339.0,17.5603,297.0,54.4236,48.0,28.0161,230.0
3029,,2016,UNLV,22.0916,85.0,48.299,245.0,29.6094,157.0,22.997,58.0,51.2776,127.0,25.7254,304.0
3030,,2016,Louisiana Tech,21.9044,96.0,51.2464,144.0,26.8492,236.0,19.2391,242.0,54.3018,50.0,26.4591,289.0
3031,,2016,Georgia Southern,21.9878,90.0,42.0066,342.0,36.0056,33.0,22.9374,62.0,46.3282,303.0,30.7344,122.0
3032,,2016,Monmouth,22.8242,53.0,47.6057,262.0,29.5701,159.0,21.9662,98.0,44.6237,327.0,33.4101,35.0
3033,,2016,UT Arlington,19.7072,218.0,46.8468,276.0,33.4459,69.0,23.3488,43.0,42.3223,345.0,34.329,25.0
3034,,2016,Oregon St.,20.0718,201.0,51.3696,137.0,28.5586,195.0,21.5785,122.0,48.4489,242.0,29.9726,153.0
3035,,2016,UNC Greensboro,15.5095,342.0,47.7006,259.0,36.7899,25.0,21.8316,106.0,43.9236,332.0,34.2448,26.0
3036,,2016,UC Santa Barbara,16.1922,338.0,51.5125,131.0,32.2954,100.0,23.6079,38.0,46.2954,304.0,30.0966,145.0
3037,,2016,Wofford,21.8765,102.0,42.6214,337.0,35.5021,38.0,20.8969,156.0,56.2182,17.0,22.8849,340.0
3038,,2016,Evansville,24.2015,22.0,56.5111,24.0,19.2875,346.0,19.1027,253.0,53.284,65.0,27.6133,244.0
3039,,2016,Nevada,25.8393,2.0,53.791,75.0,20.3697,341.0,22.2903,79.0,49.7894,188.0,27.9203,234.0
3040,,2016,Saint Louis,21.7949,106.0,49.8575,191.0,28.3476,200.0,21.9089,101.0,46.8547,291.0,31.2364,100.0
3041,,2016,Montana,19.2716,239.0,49.3315,210.0,31.397,120.0,24.8303,12.0,47.8177,267.0,27.3521,256.0
3042,,2016,Brown,20.6494,170.0,46.1695,294.0,33.1811,79.0,19.7443,217.0,49.4318,206.0,30.8239,117.0
3043,,2016,Fresno St.,21.3675,129.0,53.2357,84.0,25.3968,271.0,24.8621,11.0,45.227,320.0,29.9109,156.0
3044,,2016,UC Davis,18.3107,283.0,54.9887,43.0,26.7007,241.0,19.0451,257.0,51.3528,122.0,29.6021,170.0
3045,,2016,Michigan St.,16.2549,336.0,49.266,215.0,34.4791,56.0,21.9599,99.0,50.7795,149.0,27.2606,262.0
3046,,2016,Stephen F. Austin,18.9713,254.0,50.9275,153.0,30.1012,144.0,21.595,120.0,54.4795,46.0,23.9254,332.0
3047,,2016,Texas A&M Corpus Chris,22.1188,84.0,51.1525,146.0,26.7287,239.0,24.5654,16.0,45.6542,319.0,29.7804,161.0
3048,,2016,Morgan St.,21.7499,112.0,55.2645,38.0,22.9857,323.0,20.4998,178.0,56.1777,19.0,23.3225,335.0
3049,,2016,Navy,21.6806,117.0,59.2386,6.0,19.0808,348.0,22.1743,87.0,42.6245,344.0,35.2011,14.0
3050,,2016,Central Connecticut,19.0678,251.0,54.8729,45.0,26.0593,253.0,16.4903,328.0,55.9965,23.0,27.5132,249.0
3051,,2016,Louisiana Monroe,18.1858,288.0,54.3383,58.0,27.4759,224.0,19.7233,219.0,48.8175,229.0,31.4592,91.0
3052,,2016,LSU,21.8678,103.0,54.7271,48.0,23.4051,315.0,17.735,292.0,51.3567,121.0,30.9084,113.0
3053,,2016,Alabama,20.8846,157.0,43.6845,327.0,35.4309,39.0,21.9893,94.0,49.777,190.0,28.2337,225.0
3054,,2016,Massachusetts,20.612,171.0,49.5538,197.0,29.8343,151.0,23.321,46.0,50.103,178.0,26.576,284.0
3055,,2016,Murray St.,19.1118,249.0,49.3014,213.0,31.5868,112.0,21.7524,110.0,50.7387,150.0,27.5089,250.0
3056,,2016,Alcorn St.,22.3712,75.0,50.7511,158.0,26.8777,233.0,21.4742,127.0,48.1572,256.0,30.3686,132.0
3057,,2016,Temple,16.2329,337.0,50.0221,187.0,33.745,65.0,18.6547,272.0,54.9776,34.0,26.3677,294.0
3058,,2016,Cleveland St.,19.1372,247.0,54.646,49.0,26.2168,251.0,22.9626,61.0,49.2809,209.0,27.7565,239.0
3059,,2016,East Tennessee St.,18.7883,262.0,48.773,233.0,32.4387,96.0,22.162,88.0,48.4308,244.0,29.4072,177.0
3060,,2016,Creighton,19.591,223.0,49.9462,188.0,30.4629,135.0,19.2262,243.0,51.8752,107.0,28.8985,191.0
3061,,2016,Louisville,17.4699,317.0,58.5198,7.0,24.0103,307.0,23.7467,37.0,47.2823,283.0,28.971,189.0
3062,,2016,Wake Forest,22.3965,72.0,52.1133,112.0,25.4902,266.0,22.3265,74.0,52.0816,103.0,25.5918,310.0
3063,,2016,Gardner Webb,19.3187,238.0,46.6636,283.0,34.0177,59.0,21.595,121.0,48.8351,228.0,29.5699,171.0
3064,,2016,George Washington,22.4696,66.0,49.4609,204.0,28.0696,208.0,16.6795,326.0,53.113,67.0,30.2075,139.0
3065,,2016,Tennessee St.,22.3374,77.0,54.4769,54.0,23.1857,318.0,22.9857,59.0,41.4236,350.0,35.5907,11.0
3066,,2016,Maryland Eastern Shore,21.1827,136.0,50.8968,154.0,27.9205,215.0,24.8163,13.0,46.2603,307.0,28.9235,190.0
3067,,2016,Tennessee,20.4777,181.0,50.0392,186.0,29.4832,163.0,20.9703,151.0,49.9218,184.0,29.108,183.0
3068,,2016,Northern Illinois,22.7619,58.0,46.9524,275.0,30.2857,139.0,22.281,81.0,43.7921,335.0,33.9269,29.0
3069,,2016,Southern Miss,20.4994,179.0,37.5145,349.0,41.9861,4.0,20.901,155.0,42.9544,343.0,36.1446,9.0
3070,,2016,Drexel,22.3455,76.0,51.664,127.0,25.9905,256.0,23.5795,39.0,51.1364,137.0,25.2841,317.0
3071,,2016,Saint Joseph's,20.7554,165.0,52.1583,110.0,27.0863,230.0,15.3846,341.0,50.5948,155.0,34.0206,28.0
3072,,2016,Hofstra,21.0058,148.0,46.2669,289.0,32.7273,87.0,13.9468,351.0,55.1329,30.0,30.9202,111.0
3073,,2016,Winthrop,22.1649,82.0,45.3608,308.0,32.4742,94.0,19.2831,241.0,54.1742,52.0,26.5426,286.0
3074,,2016,South Alabama,21.7761,109.0,49.8819,189.0,28.342,201.0,22.0537,93.0,49.2201,211.0,28.7262,205.0
3075,,2016,Columbia,20.5918,173.0,41.3458,343.0,38.0624,17.0,18.8189,265.0,48.6558,235.0,32.5253,56.0
3076,,2016,Illinois Chicago,24.345,18.0,55.6769,33.0,19.9782,345.0,22.2924,78.0,49.0072,219.0,28.7004,207.0
3077,,2016,Wichita St.,21.5535,122.0,48.8003,231.0,29.6462,155.0,26.5408,7.0,43.6382,337.0,29.8211,159.0
3078,,2016,Arkansas Little Rock,18.0915,292.0,50.1727,180.0,31.7358,111.0,22.2936,77.0,46.2679,306.0,31.4385,93.0
3079,,2016,North Florida,15.2529,345.0,41.323,344.0,43.4241,2.0,14.8475,347.0,62.2793,1.0,22.8732,341.0
3080,,2016,Maryland,20.4787,180.0,49.5441,199.0,29.9772,149.0,17.1514,312.0,52.6946,82.0,30.154,142.0
3081,,2016,Duke,21.4384,128.0,44.863,315.0,33.6986,67.0,14.8333,348.0,59.1798,2.0,25.987,301.0
3082,,2016,Bowling Green,21.29,133.0,53.9468,69.0,24.7632,282.0,19.6931,220.0,46.8031,292.0,33.5038,33.0
3083,,2016,Georgetown,21.7695,111.0,46.0082,301.0,32.2222,104.0,27.6371,5.0,47.173,285.0,25.1899,319.0
3084,,2016,Quinnipiac,17.4708,316.0,47.6384,260.0,34.8908,46.0,23.4162,42.0,52.0882,102.0,24.4955,326.0
3085,,2016,South Dakota,17.0764,327.0,57.5066,10.0,25.417,269.0,21.8685,103.0,45.1426,321.0,32.9888,45.0
3086,,2016,College of Charleston,18.721,266.0,51.2635,142.0,30.0155,146.0,22.8464,64.0,50.5083,159.0,26.6453,281.0
3087,,2016,Southern Utah,20.3101,187.0,49.3023,212.0,30.3876,137.0,21.8845,102.0,50.6296,154.0,27.4859,252.0
3088,,2016,Oklahoma St.,22.4154,71.0,48.6842,237.0,28.9004,189.0,22.4395,71.0,47.3929,281.0,30.1676,141.0
3089,,2016,St. Francis NY,20.8292,161.0,45.4545,305.0,33.7163,66.0,21.1725,141.0,57.4612,9.0,21.3663,350.0
3090,,2016,St. Bonaventure,21.9593,93.0,46.1602,295.0,31.8804,109.0,20.7597,165.0,50.3534,167.0,28.8869,193.0
3091,,2016,Seattle,20.1773,193.0,50.8863,155.0,28.9364,186.0,19.3093,240.0,44.6498,325.0,36.0409,10.0
3092,,2016,Idaho St.,21.8854,99.0,46.7077,280.0,31.4069,119.0,18.9263,261.0,49.1356,216.0,31.9381,71.0
3093,,2016,Bethune Cookman,18.2432,284.0,48.4556,243.0,33.3012,74.0,19.2187,244.0,51.0103,142.0,29.771,162.0
3094,,2016,Houston Baptist,24.5188,13.0,51.4207,133.0,24.0605,306.0,20.6336,172.0,51.3699,119.0,27.9966,232.0
3095,,2016,Richmond,17.551,315.0,53.0612,88.0,29.3878,168.0,19.9746,206.0,52.4757,86.0,27.5497,248.0
3096,,2016,Western Michigan,24.7217,7.0,50.9276,152.0,24.3506,291.0,20.4955,179.0,45.8559,313.0,33.6486,30.0
3097,,2016,Coppin St.,22.824,54.0,44.3907,322.0,32.7853,84.0,20.6471,170.0,52.7884,80.0,26.5645,285.0
3098,,2016,Presbyterian,20.8264,162.0,56.8595,20.0,22.314,333.0,20.0488,200.0,46.7317,295.0,33.2195,39.0
3099,,2016,Rider,19.9816,206.0,51.9063,120.0,28.1121,205.0,19.973,207.0,46.9636,290.0,33.0634,41.0
3100,,2016,Notre Dame,18.4172,279.0,52.5148,98.0,29.068,181.0,16.0173,335.0,51.6332,113.0,32.3495,61.0
3101,,2016,Marshall,16.6314,331.0,48.2734,246.0,35.0951,44.0,19.3502,238.0,54.8376,39.0,25.8122,303.0
3102,,2016,Syracuse,19.5442,225.0,43.9552,326.0,36.5006,27.0,16.4384,329.0,51.3076,125.0,32.254,64.0
3103,,2016,Robert Morris,20.269,188.0,54.0826,64.0,25.6484,263.0,19.6295,222.0,50.9925,143.0,29.378,178.0
3104,,2016,Milwaukee,21.8854,98.0,42.1096,339.0,36.005,34.0,16.7996,323.0,54.344,49.0,28.8564,194.0
3105,,2016,Yale,21.1699,137.0,53.4819,78.0,25.3482,274.0,19.8818,213.0,51.2628,128.0,28.8555,195.0
3106,,2016,Prairie View A&M,23.0481,47.0,56.5775,22.0,20.3743,340.0,24.614,15.0,53.0427,72.0,22.3433,346.0
3107,,2016,Boston College,15.0587,347.0,49.7192,194.0,35.2221,41.0,19.5035,227.0,50.7092,152.0,29.7872,160.0
3108,,2016,Texas St.,21.4439,127.0,56.8984,19.0,21.6578,336.0,20.1473,196.0,50.1841,172.0,29.6686,166.0
3109,,2016,Grand Canyon,22.3937,73.0,52.9608,91.0,24.6455,284.0,19.4202,232.0,52.278,94.0,28.3019,221.0
3110,,2016,Florida A&M,21.8343,104.0,50.2959,176.0,27.8698,217.0,20.9653,152.0,51.5837,116.0,27.451,253.0
3111,,2016,Radford,15.8072,341.0,54.2651,59.0,29.9277,150.0,19.1059,252.0,56.1882,18.0,24.7059,322.0
3112,,2016,South Carolina,23.4331,38.0,51.6567,128.0,24.9102,279.0,21.6428,115.0,41.721,349.0,36.6362,5.0
3113,,2016,Niagara,20.8515,159.0,55.0556,41.0,24.0929,303.0,21.1806,140.0,47.5694,274.0,31.25,99.0
3114,,2016,Samford,23.9518,24.0,54.2373,60.0,21.8109,335.0,22.9121,63.0,46.7862,294.0,30.3017,135.0
3115,,2016,Appalachian St.,22.5423,65.0,42.3411,338.0,35.1166,43.0,20.9758,150.0,56.1301,21.0,22.8941,339.0
3116,,2016,Howard,28.7138,1.0,52.4917,99.0,18.7945,349.0,20.2183,191.0,49.7817,189.0,30.0,147.0
3117,,2016,Marquette,22.0501,86.0,54.8272,46.0,23.1228,319.0,17.5654,296.0,52.2876,93.0,30.1471,143.0
3118,,2016,Grambling St.,24.6237,10.0,50.4515,172.0,24.9247,277.0,21.3887,132.0,50.1774,173.0,28.4339,215.0
3119,,2016,Kansas St.,23.5219,33.0,53.9846,68.0,22.4936,331.0,22.1235,91.0,51.0884,139.0,26.7881,278.0
3120,,2016,Colgate,16.1757,339.0,46.2307,290.0,37.5936,19.0,21.1363,144.0,47.9538,260.0,30.91,112.0
3121,,2016,Saint Peter's,19.4812,229.0,52.5941,94.0,27.9247,214.0,19.1243,251.0,47.5088,275.0,33.3669,36.0
3122,,2016,VCU,17.9432,299.0,53.7936,74.0,28.2632,204.0,20.2459,190.0,54.918,36.0,24.8361,321.0
3123,,2016,Texas A&M,19.9788,207.0,50.2122,178.0,29.8091,152.0,18.3483,279.0,47.1115,287.0,34.5403,21.0
3124,,2016,Bradley,22.9792,49.0,49.3072,211.0,27.7136,221.0,25.8581,9.0,49.1533,214.0,24.9886,320.0
3125,,2016,Northern Iowa,19.5234,226.0,44.4816,320.0,35.995,35.0,15.4464,340.0,51.6071,114.0,32.9464,47.0
3126,,2016,North Texas,22.5508,64.0,53.8817,70.0,23.5675,313.0,21.8459,105.0,50.7197,151.0,27.4344,254.0
3127,,2016,Tennessee Tech,23.8826,25.0,42.7991,336.0,33.3183,73.0,17.802,289.0,51.1353,138.0,31.0627,106.0
3128,,2016,Lehigh,18.0861,294.0,50.4579,170.0,31.456,115.0,16.8056,322.0,48.6111,239.0,34.5833,20.0
3129,,2016,Tennessee Martin,20.1362,198.0,47.9353,250.0,31.9285,108.0,17.2486,306.0,46.2768,305.0,36.4745,6.0
3130,,2016,Army,18.1112,291.0,46.6885,281.0,35.2003,42.0,17.7273,293.0,57.8512,4.0,24.4215,327.0
3131,,2016,Manhattan,22.7379,60.0,44.632,318.0,32.6301,91.0,24.4268,17.0,52.2928,92.0,23.2804,336.0
3132,,2016,Oklahoma,17.9783,297.0,43.1479,332.0,38.8738,14.0,16.9266,319.0,51.3503,123.0,31.7231,81.0
3133,,2016,Furman,22.6242,63.0,47.1665,268.0,30.2092,141.0,20.3201,188.0,50.0667,181.0,29.6132,168.0
3134,,2016,Cal Poly,20.0,204.0,46.6501,284.0,33.3499,72.0,20.8606,158.0,50.7951,148.0,28.3442,220.0
3135,,2016,Princeton,18.3227,281.0,45.3054,309.0,36.3719,29.0,17.4293,302.0,57.2751,10.0,25.2956,316.0
3136,,2016,Charlotte,18.4985,276.0,50.6192,162.0,30.8824,128.0,16.9137,320.0,52.9837,73.0,30.1026,144.0
3137,,2016,Texas Southern,20.1831,192.0,52.1015,113.0,27.7154,220.0,15.8008,338.0,56.5049,15.0,27.6943,242.0
3138,,2016,FIU,18.7003,268.0,57.036,18.0,24.2637,295.0,20.3067,189.0,48.3271,251.0,31.3662,95.0
3139,,2016,North Carolina,18.6349,270.0,61.0692,5.0,20.296,342.0,18.0422,287.0,48.9461,221.0,33.0118,43.0
3140,,2016,Bryant,15.4442,343.0,55.5785,34.0,28.9773,184.0,18.281,280.0,50.1745,174.0,31.5445,86.0
3141,,2016,Lamar,23.0121,48.0,50.4476,173.0,26.5403,246.0,24.2085,23.0,49.4886,204.0,26.303,296.0
3142,,2016,Northwestern St.,21.3666,130.0,50.6508,161.0,27.9826,210.0,18.744,267.0,54.9377,35.0,26.3183,295.0
3143,,2016,Savannah St.,22.8022,56.0,46.3736,288.0,30.8242,129.0,23.3465,44.0,49.8519,187.0,26.8016,275.0
3144,,2016,Tulane,18.75,264.0,52.3214,105.0,28.9286,187.0,20.6839,168.0,52.794,78.0,26.5221,287.0
3145,,2016,Clemson,19.2219,240.0,47.7073,258.0,33.0709,82.0,17.4087,303.0,51.8259,110.0,30.7654,120.0
3146,,2016,Virginia Tech,25.6098,3.0,51.5244,130.0,22.8659,326.0,19.0551,255.0,52.126,101.0,28.8189,199.0
3147,,2016,Seton Hall,21.0944,142.0,54.4013,56.0,24.5044,289.0,20.1735,195.0,52.2343,97.0,27.5922,247.0
3148,,2016,Chicago St.,17.9417,300.0,48.2113,249.0,33.847,64.0,21.5317,124.0,42.1007,347.0,36.3676,8.0
3149,,2016,Mount St. Mary's,18.7556,263.0,50.6763,160.0,30.5681,133.0,22.2612,82.0,55.1271,31.0,22.6117,345.0
3150,,2016,Oral Roberts,21.5213,124.0,53.9889,67.0,24.4898,290.0,18.8361,263.0,53.8427,55.0,27.3212,259.0
3151,,2016,Minnesota,22.2486,81.0,50.5693,165.0,27.1822,228.0,19.3984,233.0,49.8692,185.0,30.7323,123.0
3152,,2016,Idaho,24.4671,14.0,48.8415,229.0,26.6914,242.0,22.1028,92.0,43.271,340.0,34.6262,18.0
3153,,2016,Cal St. Northridge,24.4478,15.0,57.3293,12.0,18.2229,351.0,19.213,246.0,50.3704,166.0,30.4167,130.0
3154,,2016,UC Riverside,21.1502,139.0,46.1977,293.0,32.6521,90.0,21.7949,108.0,51.8315,109.0,26.3736,293.0
3155,,2016,Boise St.,21.886,97.0,46.6667,282.0,31.4474,116.0,19.8424,215.0,49.1423,215.0,31.0153,107.0
3156,,2016,UCLA,18.1452,290.0,57.6613,9.0,24.1935,300.0,19.0224,258.0,48.2281,253.0,32.7495,51.0
3157,,2016,Long Beach St.,20.6571,168.0,46.078,298.0,33.2649,75.0,20.8486,159.0,49.7756,191.0,29.3758,179.0
3158,,2016,Wyoming,23.4597,36.0,34.3128,351.0,42.2275,3.0,21.399,130.0,47.9521,261.0,30.6489,125.0
3159,,2016,Holy Cross,20.5558,175.0,46.2285,291.0,33.2157,78.0,18.5685,275.0,47.9346,263.0,33.4969,34.0
3160,,2016,East Carolina,19.7621,216.0,48.3989,244.0,31.839,110.0,14.95,346.0,52.5858,85.0,32.4641,58.0
3161,,2016,Loyola MD,22.2488,80.0,54.6411,50.0,23.11,320.0,21.4159,128.0,50.9735,144.0,27.6106,245.0
3162,,2016,Fordham,18.216,286.0,48.5446,240.0,33.2394,76.0,21.8252,107.0,48.1893,255.0,29.9855,150.0
3163,,2016,Mississippi Valley St.,20.1483,197.0,56.4326,25.0,23.4191,314.0,18.787,266.0,53.4763,60.0,27.7367,241.0
3164,,2016,Utah,19.9399,210.0,50.5445,168.0,29.5156,161.0,14.7858,349.0,53.7068,59.0,31.5074,89.0
3165,,2016,Duquesne,17.7147,309.0,45.9356,304.0,36.3497,30.0,21.4889,125.0,42.1335,346.0,36.3776,7.0
3166,,2016,Rutgers,20.4394,183.0,57.2111,15.0,22.3496,332.0,16.3217,330.0,52.3885,89.0,31.2898,97.0
3167,,2016,William & Mary,19.3651,233.0,50.1587,182.0,30.4762,134.0,16.2902,332.0,49.6877,194.0,34.0221,27.0
3168,,2016,Santa Clara,20.1493,195.0,45.9701,302.0,33.8806,62.0,20.8069,162.0,47.7788,269.0,31.4143,94.0
3169,,2016,Southern Illinois,20.8475,160.0,52.2034,109.0,26.9492,232.0,22.9699,60.0,51.5926,115.0,25.4374,313.0
3170,,2016,Ball St.,18.627,271.0,44.4537,321.0,36.9192,24.0,22.4606,69.0,46.6725,296.0,30.8669,114.0
3171,,2016,James Madison,19.6607,219.0,46.02,300.0,34.3193,57.0,22.2327,83.0,46.5379,297.0,31.2294,101.0
3172,,2016,Southeast Missouri St.,20.5549,176.0,56.5119,23.0,22.9332,324.0,17.1808,311.0,51.6374,112.0,31.1818,102.0
3173,,2016,Central Arkansas,21.6588,118.0,52.0379,116.0,26.3033,248.0,20.6058,173.0,48.8055,230.0,30.5887,128.0
3174,,2016,Alabama St.,19.3406,236.0,50.9843,150.0,29.6752,154.0,22.2897,80.0,53.4579,61.0,24.2523,329.0
3175,,2016,Baylor,21.3349,132.0,54.3504,57.0,24.3147,293.0,20.9544,153.0,50.1518,177.0,28.8937,192.0
3176,,2016,Coastal Carolina,19.3595,234.0,50.3824,174.0,30.2581,140.0,18.2583,281.0,48.7877,232.0,32.954,46.0
3177,,2016,Lipscomb,19.0377,252.0,43.3845,330.0,37.5778,20.0,19.9844,205.0,45.6564,318.0,34.3592,24.0
3178,,2016,Utah St.,18.3192,282.0,47.1199,270.0,34.5609,55.0,18.5714,274.0,50.5714,157.0,30.8571,116.0
3179,,2016,Iona,17.618,312.0,45.0533,312.0,37.3288,21.0,20.6446,171.0,47.8988,264.0,31.4565,92.0
3180,,2016,Butler,21.4556,126.0,51.7058,126.0,26.8385,237.0,20.3498,186.0,50.0853,179.0,29.5648,173.0
3181,,2016,Cincinnati,19.1894,244.0,49.5451,198.0,31.2655,122.0,16.7464,325.0,48.8038,231.0,34.4498,22.0
3182,,2016,Wagner,19.5143,227.0,54.4666,55.0,26.0191,255.0,24.4186,18.0,48.6512,237.0,26.9302,270.0
3183,,2016,SMU,17.6369,311.0,57.2661,13.0,25.097,275.0,17.1834,310.0,47.5039,276.0,35.3127,12.0
3184,,2016,Florida Gulf Coast,18.8535,258.0,61.1465,4.0,20.0,344.0,20.4334,182.0,51.3047,126.0,28.2618,222.0
3185,,2016,South Dakota St.,22.6485,61.0,47.0297,273.0,30.3218,138.0,23.3379,45.0,50.4749,160.0,26.1872,298.0
3186,,2016,Oakland,23.255,42.0,45.3854,306.0,31.3596,121.0,18.3904,278.0,51.3474,124.0,30.2622,137.0
3187,,2016,McNeese St.,21.0668,144.0,49.3534,209.0,29.5797,158.0,19.5474,225.0,54.0202,54.0,26.4324,291.0
3188,,2016,UT Rio Grande Valley,17.4286,319.0,50.1714,181.0,32.4,97.0,16.7611,324.0,57.6015,8.0,25.6374,309.0
3189,,2016,Western Carolina,21.7352,114.0,48.9833,224.0,29.2815,171.0,24.0086,31.0,46.3793,299.0,29.6121,169.0
3190,,2016,Northeastern,21.2691,135.0,42.1007,340.0,36.6302,26.0,15.0198,345.0,56.917,13.0,28.0632,229.0
3191,,2016,North Dakota St.,18.8364,259.0,51.979,117.0,29.1845,175.0,19.1343,249.0,55.1894,29.0,25.6763,305.0
3192,,2016,Villanova,19.211,243.0,47.4022,263.0,33.3868,71.0,17.5383,299.0,48.84,226.0,33.6217,31.0
3193,,2016,Alabama A&M,21.9266,95.0,51.7296,124.0,26.3438,247.0,20.4301,183.0,54.9923,33.0,24.5776,325.0
3194,,2016,Indiana St.,24.4391,16.0,46.778,278.0,28.7828,193.0,24.3756,20.0,49.9537,183.0,25.6707,306.0
3195,,2016,Memphis,24.7023,8.0,51.5559,129.0,23.7418,310.0,22.4686,68.0,52.0502,104.0,25.4812,312.0
3196,,2016,Fairfield,18.9929,253.0,46.1538,296.0,34.8533,49.0,19.2141,245.0,51.0806,141.0,29.7053,165.0
3197,,2016,Troy,20.7845,164.0,48.8029,230.0,30.4126,136.0,19.447,230.0,49.8618,186.0,30.6912,124.0
3198,,2016,Weber St.,22.0482,87.0,45.9585,303.0,31.9932,107.0,16.5983,327.0,57.8203,5.0,25.5814,311.0
3199,,2016,Akron,16.4988,334.0,37.2579,350.0,46.2432,1.0,19.1408,248.0,55.2105,27.0,25.6487,307.0
3200,,2016,Georgia,24.2815,20.0,48.2299,248.0,27.4885,223.0,24.0608,30.0,43.1406,341.0,32.7986,50.0
3201,,2016,Northwestern,15.2778,344.0,48.5243,242.0,36.1979,31.0,21.4117,129.0,46.3288,302.0,32.2596,63.0
3202,,2016,San Francisco,20.9062,154.0,49.0803,221.0,30.0135,147.0,19.8344,216.0,44.9869,324.0,35.1787,15.0
3203,,2016,Xavier,22.8718,52.0,49.1779,217.0,27.9503,213.0,19.6906,221.0,48.5786,240.0,31.7308,79.0
3204,,2016,Indiana,17.4334,318.0,46.7658,279.0,35.8008,36.0,17.123,314.0,56.1504,20.0,26.7266,279.0
